[
  {
    "id": "9d575e32-8aca-4611-afff-30064366157d",
    "data": [
      {
        "text": "Option 1",
        "userDefined": false
      }
    ],
    "isTemplate": false,
    "count": 0
  },
  {
    "id": "96a90bb6-b830-4756-bc36-b80a3bab23d0",
    "data": [
      {
        "text": "What are the courses offered by CSUF",
        "userDefined": false
      }
    ],
    "isTemplate": false,
    "count": 0,
    "updated": 1517127569
  },
  {
    "id": "ffaf0d3e-d642-4977-ac5f-32cd79b6839c",
    "data": [
      {
        "text": "courses offered",
        "userDefined": false
      }
    ],
    "isTemplate": false,
    "count": 0
  },
  {
    "id": "5bd05086-ef6e-48e8-baa2-0277ad341f9a",
    "data": [
      {
        "text": "Course offered in ",
        "userDefined": false
      },
      {
        "text": "Fall",
        "alias": "Semester",
        "meta": "@Semester",
        "userDefined": true
      },
      {
        "text": " ",
        "userDefined": false
      },
      {
        "text": "2018",
        "alias": "AcademicYear",
        "meta": "@sys.date-period",
        "userDefined": true
      }
    ],
    "isTemplate": false,
    "count": 0
  },
  {
    "id": "86b8fd37-ddf9-4d9d-a68d-5ea0cce0d046",
    "data": [
      {
        "text": "1",
        "userDefined": false
      }
    ],
    "isTemplate": false,
    "count": 0
  }
]