[
  {
    "id": "2f549ec7-ebba-4f48-aee6-ca1e7dbd21be",
    "data": [
      {
        "text": "#",
        "userDefined": false
      },
      {
        "text": "Options",
        "alias": "ListPref",
        "meta": "@ListPref",
        "userDefined": false
      },
      {
        "text": ".orignial",
        "userDefined": false
      }
    ],
    "isTemplate": false,
    "count": 0,
    "updated": 1518278238
  },
  {
    "id": "4819e8d7-689b-424d-b286-25b50624eda5",
    "data": [
      {
        "text": "$",
        "userDefined": false
      },
      {
        "text": "Option",
        "alias": "ListPref",
        "meta": "@ListPref",
        "userDefined": true
      }
    ],
    "isTemplate": false,
    "count": 0,
    "updated": 1518278238
  },
  {
    "id": "af0ef94d-2417-487d-9fdc-914086e7a4ef",
    "data": [
      {
        "text": "2",
        "alias": "ListPref",
        "meta": "@ListPref",
        "userDefined": false
      }
    ],
    "isTemplate": false,
    "count": 0,
    "updated": 1518278238
  },
  {
    "id": "daca390c-dc76-46d4-9c4d-f2c47b24f149",
    "data": [
      {
        "text": "I like Option ",
        "userDefined": false
      },
      {
        "text": "2",
        "meta": "@sys.ignore",
        "userDefined": false
      }
    ],
    "isTemplate": false,
    "count": 0,
    "updated": 1518278238
  },
  {
    "id": "a70237dc-6b2c-40bd-ba59-8cffc39d52a1",
    "data": [
      {
        "text": "$",
        "userDefined": false
      },
      {
        "text": "Options",
        "alias": "ListPref",
        "meta": "@ListPref",
        "userDefined": false
      },
      {
        "text": ".original",
        "userDefined": false
      }
    ],
    "isTemplate": false,
    "count": 0,
    "updated": 1518278238
  },
  {
    "id": "b55a4580-72ac-406b-ae01-7aebecdcbf4f",
    "data": [
      {
        "text": "Option 2",
        "userDefined": false
      }
    ],
    "isTemplate": false,
    "count": 0,
    "updated": 1518278238
  }
]