[
  {
    "id": "0821dafa-97ad-4e5e-8e08-05dae30d202a",
    "data": [
      {
        "text": "of course",
        "userDefined": false
      }
    ],
    "isTemplate": false,
    "count": 0,
    "updated": 1518856451
  },
  {
    "id": "a89ed568-a9a4-45de-af9f-6430dce72e00",
    "data": [
      {
        "text": "that\u0027s correct",
        "userDefined": false
      }
    ],
    "isTemplate": true,
    "count": 0,
    "updated": 1518856451
  },
  {
    "id": "567cb3db-77d4-486e-be98-fbfc7587f104",
    "data": [
      {
        "text": "yes",
        "userDefined": false
      }
    ],
    "isTemplate": false,
    "count": 0,
    "updated": 1518856451
  }
]