[
  {
    "id": "7d41fe11-7bd1-4af6-97a8-4ce3ec7688d6",
    "data": [
      {
        "text": "I need help",
        "userDefined": false
      }
    ],
    "isTemplate": false,
    "count": 0,
    "updated": 1518161289
  },
  {
    "id": "40f0fa4f-f9da-43a8-85d2-488d9a8e954d",
    "data": [
      {
        "text": "Hi",
        "userDefined": false
      }
    ],
    "isTemplate": false,
    "count": 0,
    "updated": 1518161289
  },
  {
    "id": "d390e12c-34af-4241-be75-cc1d17ea51ac",
    "data": [
      {
        "text": "Thanks",
        "userDefined": false
      }
    ],
    "isTemplate": false,
    "count": 0,
    "updated": 1518161289
  },
  {
    "id": "afdd8d0d-9f8f-437b-9ff3-190caa02944a",
    "data": [
      {
        "text": "Hi there",
        "userDefined": false
      }
    ],
    "isTemplate": false,
    "count": 0,
    "updated": 1518161289
  },
  {
    "id": "ce09a05f-afcb-41fd-b1ef-ade4b9b23bf7",
    "data": [
      {
        "text": "talk to my test app",
        "userDefined": false
      }
    ],
    "isTemplate": false,
    "count": 0,
    "updated": 1518161289
  },
  {
    "id": "58b6b04a-c53c-4764-b436-c36a538c6503",
    "data": [
      {
        "text": "Can you help",
        "userDefined": false
      }
    ],
    "isTemplate": false,
    "count": 0,
    "updated": 1518161289
  },
  {
    "id": "f65b8ac4-602a-4675-b45d-c4a4a5dcd488",
    "data": [
      {
        "text": "Hello",
        "userDefined": false
      }
    ],
    "isTemplate": false,
    "count": 0,
    "updated": 1518161289
  }
]