[
  {
    "id": "f68936ed-06c7-45a8-8907-dcca5eae97ed",
    "data": [
      {
        "text": "I don\u0027t think so",
        "userDefined": false
      }
    ],
    "isTemplate": false,
    "count": 0,
    "updated": 1518277490
  },
  {
    "id": "da56154c-b3f2-4712-b177-28195ae5341a",
    "data": [
      {
        "text": "thanks but no",
        "userDefined": false
      }
    ],
    "isTemplate": false,
    "count": 0,
    "updated": 1518277490
  },
  {
    "id": "26151a42-265b-4508-bfc3-dbe03e240c29",
    "data": [
      {
        "text": "not really",
        "userDefined": false
      }
    ],
    "isTemplate": false,
    "count": 0,
    "updated": 1518277490
  },
  {
    "id": "ffbd399e-f259-4ecb-8cf9-106be86d610a",
    "data": [
      {
        "text": "no",
        "userDefined": false
      }
    ],
    "isTemplate": false,
    "count": 1,
    "updated": 1518277490
  },
  {
    "id": "985935ee-050f-4b43-8220-df08eca5bd43",
    "data": [
      {
        "text": "definitely not",
        "userDefined": false
      }
    ],
    "isTemplate": false,
    "count": 1,
    "updated": 1518277490
  }
]